football_team /american_football/football_team/current_roster./sports/sports_team_roster/position position
award_category /award/award_category/category_of category_of
award_category /award/award_category/disciplines_or_subjects disciplines_or_subjects
award_category /award/award_category/nominees./award/award_nomination/nominated_for nominated_for
award_category /award/award_category/winners./award/award_honor/award_winner award_winner
award_category /award/award_category/winners./award/award_honor/ceremony ceremony
award_ceremony /award/award_ceremony/awards_presented./award/award_honor/award_winner award_winner
award_ceremony /award/award_ceremony/awards_presented./award/award_honor/honored_for honored_for
award_nominated_work /award/award_nominated_work/award_nominations./award/award_nomination/nominated_for nominated_for
award_nominee /award/award_nominee/award_nominations./award/award_nomination/award award
award_nominee /award/award_nominee/award_nominations./award/award_nomination/award_nominee award_nominee
award_nominee /award/award_nominee/award_nominations./award/award_nomination/nominated_for nominated_for
award_winner /award/award_winner/awards_won./award/award_honor/award_winner award_winner
award_winning_work /award/award_winning_work/awards_won./award/award_honor/award award
award_winning_work /award/award_winning_work/awards_won./award/award_honor/award_winner award_winner
award_winning_work /award/award_winning_work/awards_won./award/award_honor/honored_for honored_for
hall_of_fame /award/hall_of_fame/inductees./award/hall_of_fame_induction/inductee inductee
ranked_item /award/ranked_item/appears_in_ranked_lists./award/ranking/list list
aareas /base/aareas/schema/administrative_area/administrative_area_type schema
aareas /base/aareas/schema/administrative_area/administrative_parent schema
aareas /base/aareas/schema/administrative_area/capital schema
americancomedy /base/americancomedy/celebrity_impressionist/celebrities_impersonated celebrity_impressionist
biblioness /base/biblioness/bibs_location/country bibs_location
biblioness /base/biblioness/bibs_location/state bibs_location
culturalevent /base/culturalevent/event/entity_involved event
eating /base/eating/practicer_of_diet/diet practicer_of_diet
localfood /base/localfood/seasonal_month/produce_available./base/localfood/produce_availability/seasonal_months seasonal_months
locations /base/locations/continents/countries_within continents
marchmadness /base/marchmadness/ncaa_basketball_tournament/seeds./base/marchmadness/ncaa_tournament_seed/team team
petbreeds /base/petbreeds/city_with_dogs/top_breeds./base/petbreeds/dog_city_relationship/dog_breed dog_breed
popstra /base/popstra/celebrity/breakup./base/popstra/breakup/participant participant
popstra /base/popstra/celebrity/canoodled./base/popstra/canoodled/participant participant
popstra /base/popstra/celebrity/dated./base/popstra/dated/participant participant
popstra /base/popstra/celebrity/friendship./base/popstra/friendship/participant participant
popstra /base/popstra/location/vacationers./base/popstra/vacation_choice/vacationer vacationer
saturdaynightlive /base/saturdaynightlive/snl_cast_member/seasons./base/saturdaynightlive/snl_season_tenure/cast_members cast_members
schemastaging /base/schemastaging/organization_extra/phone_number./base/schemastaging/phone_sandbox/contact_category contact_category
schemastaging /base/schemastaging/organization_extra/phone_number./base/schemastaging/phone_sandbox/service_language service_language
schemastaging /base/schemastaging/organization_extra/phone_number./base/schemastaging/phone_sandbox/service_location service_location
schemastaging /base/schemastaging/person_extra/net_worth./measurement_unit/dated_money_value/currency currency
x2010fifaworldcupsouthafrica /base/x2010fifaworldcupsouthafrica/world_cup_squad/current_world_cup_squad./base/x2010fifaworldcupsouthafrica/current_world_cup_squad/current_club current_club
baseball_team /baseball/baseball_team/team_stats./baseball/baseball_team_stats/season season
content /broadcast/content/artist artist
business_operation /business/business_operation/assets./measurement_unit/dated_money_value/currency currency
business_operation /business/business_operation/industry industry
business_operation /business/business_operation/operating_income./measurement_unit/dated_money_value/currency currency
business_operation /business/business_operation/revenue./measurement_unit/dated_money_value/currency currency
job_title /business/job_title/people_with_this_title./business/employment_tenure/company company
celebrity /celebrities/celebrity/celebrity_friends./celebrities/friendship/friend friend
celebrity /celebrities/celebrity/sexual_relationships./celebrities/romantic_relationship/celebrity celebrity
topic /common/topic/webpage./common/webpage/category category
gardening_hint /dataworld/gardening_hint/split_to split_to
educational_degree /education/educational_degree/people_with_this_degree./education/education/institution institution
educational_degree /education/educational_degree/people_with_this_degree./education/education/major_field_of_study major_field_of_study
educational_degree /education/educational_degree/people_with_this_degree./education/education/student student
educational_institution /education/educational_institution/campuses campuses
educational_institution /education/educational_institution/colors colors
educational_institution /education/educational_institution/school_type school_type
educational_institution /education/educational_institution/students_graduates./education/education/major_field_of_study major_field_of_study
educational_institution /education/educational_institution/students_graduates./education/education/student student
educational_institution_campus /education/educational_institution_campus/educational_institution educational_institution
field_of_study /education/field_of_study/students_majoring./education/education/major_field_of_study major_field_of_study
field_of_study /education/field_of_study/students_majoring./education/education/student student
university /education/university/domestic_tuition./measurement_unit/dated_money_value/currency currency
university /education/university/fraternities_and_sororities fraternities_and_sororities
university /education/university/international_tuition./measurement_unit/dated_money_value/currency currency
university /education/university/local_tuition./measurement_unit/dated_money_value/currency currency
actor /film/actor/dubbing_performances./film/dubbing_performance/language language
actor /film/actor/film./film/performance/film film
actor /film/actor/film./film/performance/special_performance_type special_performance_type
director /film/director/film film
film /film/film/cinematography cinematography
film /film/film/costume_design_by costume_design_by
film /film/film/country country
film /film/film/distributors./film/film_film_distributor_relationship/film_distribution_medium film_distribution_medium
film /film/film/distributors./film/film_film_distributor_relationship/region region
film /film/film/dubbing_performances./film/dubbing_performance/actor actor
film /film/film/edited_by edited_by
film /film/film/estimated_budget./measurement_unit/dated_money_value/currency currency
film /film/film/executive_produced_by executive_produced_by
film /film/film/featured_film_locations featured_film_locations
film /film/film/film_art_direction_by film_art_direction_by
film /film/film/film_festivals film_festivals
film /film/film/film_format film_format
film /film/film/film_production_design_by film_production_design_by
film /film/film/genre genre
film /film/film/language language
film /film/film/music music
film /film/film/other_crew./film/film_crew_gig/crewmember crewmember
film /film/film/other_crew./film/film_crew_gig/film_crew_role film_crew_role
film /film/film/personal_appearances./film/personal_film_appearance/person person
film /film/film/prequel prequel
film /film/film/produced_by produced_by
film /film/film/production_companies production_companies
film /film/film/release_date_s./film/film_regional_release_date/film_regional_debut_venue film_regional_debut_venue
film /film/film/release_date_s./film/film_regional_release_date/film_release_distribution_medium film_release_distribution_medium
film /film/film/release_date_s./film/film_regional_release_date/film_release_region film_release_region
film /film/film/runtime./film/film_cut/film_release_region film_release_region
film /film/film/story_by story_by
film /film/film/written_by written_by
film_distributor /film/film_distributor/films_distributed./film/film_film_distributor_relationship/film film
film_set_designer /film/film_set_designer/film_sets_designed film_sets_designed
film_subject /film/film_subject/films films
person_or_entity_appearing_in_film /film/person_or_entity_appearing_in_film/films./film/personal_film_appearance/type_of_appearance type_of_appearance
special_film_performance_type /film/special_film_performance_type/film_performance_type./film/performance/film film
food /food/food/nutrients./food/nutrition_fact/nutrient nutrient
government_office_category /government/government_office_category/officeholders./government/government_position_held/jurisdiction_of_office jurisdiction_of_office
governmental_body /government/governmental_body/members./government/government_position_held/legislative_sessions legislative_sessions
legislative_session /government/legislative_session/members./government/government_position_held/district_represented district_represented
legislative_session /government/legislative_session/members./government/government_position_held/legislative_sessions legislative_sessions
political_party /government/political_party/politicians_in_this_party./government/political_party_tenure/politician politician
politician /government/politician/government_positions_held./government/government_position_held/basic_title basic_title
politician /government/politician/government_positions_held./government/government_position_held/jurisdiction_of_office jurisdiction_of_office
politician /government/politician/government_positions_held./government/government_position_held/legislative_sessions legislative_sessions
hockey_team /ice_hockey/hockey_team/current_roster./sports/sports_team_roster/position position
influence_node /influence/influence_node/influenced_by influenced_by
influence_node /influence/influence_node/peers./influence/peer_relationship/peers peers
human_language /language/human_language/countries_spoken_in countries_spoken_in
administrative_division /location/administrative_division/country country
administrative_division /location/administrative_division/first_level_division_of first_level_division_of
capital_of_administrative_division /location/capital_of_administrative_division/capital_of./location/administrative_division_capital_relationship/administrative_division administrative_division
country /location/country/capital capital
country /location/country/form_of_government form_of_government
country /location/country/official_language official_language
country /location/country/second_level_divisions second_level_divisions
hud_county_place /location/hud_county_place/county county
hud_county_place /location/hud_county_place/place place
hud_foreclosure_area /location/hud_foreclosure_area/estimated_number_of_mortgages./measurement_unit/dated_integer/source source
location /location/location/adjoin_s./location/adjoining_relationship/adjoins adjoins
location /location/location/contains contains
location /location/location/partially_contains partially_contains
location /location/location/time_zones time_zones
statistical_region /location/statistical_region/gdp_nominal./measurement_unit/dated_money_value/currency currency
statistical_region /location/statistical_region/gdp_nominal_per_capita./measurement_unit/dated_money_value/currency currency
statistical_region /location/statistical_region/gdp_real./measurement_unit/adjusted_money_value/adjustment_currency adjustment_currency
statistical_region /location/statistical_region/gni_per_capita_in_ppp_dollars./measurement_unit/dated_money_value/currency currency
statistical_region /location/statistical_region/places_exported_to./location/imports_and_exports/exported_to exported_to
statistical_region /location/statistical_region/religions./location/religion_percentage/religion religion
statistical_region /location/statistical_region/rent50_2./measurement_unit/dated_money_value/currency currency
us_county /location/us_county/county_seat county_seat
netflix_genre /media_common/netflix_genre/titles titles
disease /medicine/disease/notable_people_with_this_condition notable_people_with_this_condition
disease /medicine/disease/risk_factors risk_factors
symptom /medicine/symptom/symptom_of symptom_of
military_combatant /military/military_combatant/military_conflicts./military/military_combatant_group/combatants combatants
military_conflict /military/military_conflict/combatants./military/military_combatant_group/combatants combatants
artist /music/artist/contribution./music/recording_contribution/performance_role performance_role
artist /music/artist/origin origin
artist /music/artist/track_contributions./music/track_contribution/role role
genre /music/genre/artists artists
genre /music/genre/parent_genre parent_genre
group_member /music/group_member/membership./music/group_membership/group group
group_member /music/group_member/membership./music/group_membership/role role
instrument /music/instrument/family family
instrument /music/instrument/instrumentalists instrumentalists
performance_role /music/performance_role/guest_performances./music/recording_contribution/performance_role performance_role
performance_role /music/performance_role/regular_performances./music/group_membership/group group
performance_role /music/performance_role/regular_performances./music/group_membership/role role
performance_role /music/performance_role/track_performances./music/track_contribution/role role
record_label /music/record_label/artist artist
olympic_games /olympics/olympic_games/medals_awarded./olympics/olympic_medal_honor/medal medal
olympic_games /olympics/olympic_games/participating_countries participating_countries
olympic_games /olympics/olympic_games/sports sports
olympic_participating_country /olympics/olympic_participating_country/athletes./olympics/olympic_athlete_affiliation/olympics olympics
olympic_participating_country /olympics/olympic_participating_country/medals_won./olympics/olympic_medal_honor/medal medal
olympic_participating_country /olympics/olympic_participating_country/medals_won./olympics/olympic_medal_honor/olympics olympics
olympic_sport /olympics/olympic_sport/athletes./olympics/olympic_athlete_affiliation/country country
olympic_sport /olympics/olympic_sport/athletes./olympics/olympic_athlete_affiliation/olympics olympics
endowed_organization /organization/endowed_organization/endowment./measurement_unit/dated_money_value/currency currency
non_profit_organization /organization/non_profit_organization/registered_with./organization/non_profit_registration/registering_agency registering_agency
organization /organization/organization/child./organization/organization_relationship/child child
organization /organization/organization/headquarters./location/mailing_address/citytown citytown
organization /organization/organization/headquarters./location/mailing_address/country country
organization /organization/organization/headquarters./location/mailing_address/state_province_region state_province_region
organization /organization/organization/place_founded place_founded
organization_founder /organization/organization_founder/organizations_founded organizations_founded
organization_member /organization/organization_member/member_of./organization/organization_membership/organization organization
role /organization/role/leaders./organization/leadership/organization organization
cause_of_death /people/cause_of_death/people people
deceased_person /people/deceased_person/place_of_burial place_of_burial
deceased_person /people/deceased_person/place_of_death place_of_death
ethnicity /people/ethnicity/geographic_distribution geographic_distribution
ethnicity /people/ethnicity/languages_spoken languages_spoken
ethnicity /people/ethnicity/people people
marriage_union_type /people/marriage_union_type/unions_of_this_type./people/marriage/location_of_ceremony location_of_ceremony
person /people/person/employment_history./business/employment_tenure/company company
person /people/person/gender gender
person /people/person/languages languages
person /people/person/nationality nationality
person /people/person/place_of_birth place_of_birth
person /people/person/places_lived./people/place_lived/location location
person /people/person/profession profession
person /people/person/religion religion
person /people/person/sibling_s./people/sibling_relationship/sibling sibling
person /people/person/spouse_s./people/marriage/location_of_ceremony location_of_ceremony
person /people/person/spouse_s./people/marriage/spouse spouse
person /people/person/spouse_s./people/marriage/type_of_union type_of_union
profession /people/profession/specialization_of specialization_of
football_player /soccer/football_player/current_team./sports/sports_team_roster/team team
football_team /soccer/football_team/current_roster./soccer/football_roster_position/position position
football_team /soccer/football_team/current_roster./sports/sports_team_roster/position position
pro_athlete /sports/pro_athlete/teams./sports/sports_team_roster/team team
professional_sports_team /sports/professional_sports_team/draft_picks./sports/sports_league_draft_pick/draft draft
professional_sports_team /sports/professional_sports_team/draft_picks./sports/sports_league_draft_pick/school school
sport /sports/sport/pro_athletes./sports/pro_sports_played/athlete athlete
sports_league /sports/sports_league/teams./sports/sports_league_participation/team team
sports_league_draft /sports/sports_league_draft/picks./sports/sports_league_draft_pick/school school
sports_position /sports/sports_position/players./american_football/football_historical_roster_position/position_s position
sports_position /sports/sports_position/players./sports/sports_team_roster/position position
sports_position /sports/sports_position/players./sports/sports_team_roster/team team
sports_team /sports/sports_team/colors colors
sports_team /sports/sports_team/roster./american_football/football_historical_roster_position/position_s position
sports_team /sports/sports_team/roster./american_football/football_roster_position/position position
sports_team /sports/sports_team/roster./baseball/baseball_roster_position/position position
sports_team /sports/sports_team/roster./basketball/basketball_roster_position/position position
sports_team /sports/sports_team/sport sport
sports_team_location /sports/sports_team_location/teams teams
event /time/event/instance_of_recurring_event instance_of_recurring_event
event /time/event/locations locations
travel_destination /travel/travel_destination/climate./travel/travel_destination_monthly_climate/month month
travel_destination /travel/travel_destination/how_to_get_here./travel/transportation/mode_of_transportation mode_of_transportation
non_character_role /tv/non_character_role/tv_regular_personal_appearances./tv/tv_regular_personal_appearance/person person
tv_network /tv/tv_network/programs./tv/tv_network_duration/program program
tv_personality /tv/tv_personality/tv_regular_appearances./tv/tv_regular_personal_appearance/program program
tv_producer /tv/tv_producer/programs_produced./tv/tv_producer_term/producer_type producer_type
tv_producer /tv/tv_producer/programs_produced./tv/tv_producer_term/program program
tv_program /tv/tv_program/country_of_origin country_of_origin
tv_program /tv/tv_program/genre genre
tv_program /tv/tv_program/languages languages
tv_program /tv/tv_program/program_creator program_creator
tv_program /tv/tv_program/regular_cast./tv/regular_tv_appearance/actor actor
tv_program /tv/tv_program/tv_producer./tv/tv_producer_term/producer_type producer_type
tv_writer /tv/tv_writer/tv_programs./tv/tv_program_writer_relationship/tv_program tv_program
alexander /user/alexander/philosophy/philosopher/interests philosophy
jg /user/jg/default_domain/olympic_games/sports default_domain
ktrueman /user/ktrueman/default_domain/international_organization/member_states default_domain
tsegaran /user/tsegaran/random/taxonomy_subject/entry./user/tsegaran/random/taxonomy_entry/taxonomy taxonomy
